peter.styles@load.example.com,Passw0rd,81,56,358
jessica.mason@load.example.com,Passw0rd,82,57,358
malcom.jones@load.example.com,Passw0rd,83,58,358
bethany.timpson@load.example.com,Passw0rd,84,59,358
derik.arnold@load.example.com,Passw0rd,85,60,358
sarah.james@load.example.com,Passw0rd,86,61,358
richard.williams@load.example.com,Passw0rd,87,62,358
karen.smith@load.example.com,Passw0rd,88,63,358
simon.lightfoot@load.example.com,Passw0rd,89,64,358
mary.evans@load.example.com,Passw0rd,90,65,358
mike.ericsson@load.example.com,Passw0rd,91,66,358
helen.rhodes@load.example.com,Passw0rd,92,67,358
david.wellington@load.example.com,Passw0rd,93,68,358
felicity.jefferies@load.example.com,Passw0rd,94,69,358
